{"0":{"Fantastic":0.0985277463,"Great":0.0466439135,"Sport":0.0530503979,"Super":0.1050420168},"1":{"Fantastic":0.0339750849,"Great":0.04778157,"Sport":0.1405835544,"Super":0.1197478992},"10":{"Fantastic":0.0,"Great":0.06370876,"Sport":0.0,"Super":0.0},"11":{"Fantastic":0.0419026048,"Great":0.1626848692,"Sport":0.0610079576,"Super":0.0378151261},"12":{"Fantastic":0.087202718,"Great":0.0011376564,"Sport":0.0026525199,"Super":0.0},"13":{"Fantastic":0.027180068,"Great":0.0,"Sport":0.0132625995,"Super":0.018907563},"14":{"Fantastic":0.020385051,"Great":0.0580204778,"Sport":0.0928381963,"Super":0.1344537815},"15":{"Fantastic":0.0294450736,"Great":0.0216154721,"Sport":0.2413793103,"Super":0.1344537815},"16":{"Fantastic":0.0011325028,"Great":0.0091012514,"Sport":0.1379310345,"Super":0.1113445378},"17":{"Fantastic":0.093997735,"Great":0.0,"Sport":0.0,"Super":0.0},"18":{"Fantastic":0.0758776897,"Great":0.0011376564,"Sport":0.0026525199,"Super":0.0168067227},"19":{"Fantastic":0.1596828992,"Great":0.0056882821,"Sport":0.0132625995,"Super":0.0042016807},"2":{"Fantastic":0.1200453001,"Great":0.0,"Sport":0.0,"Super":0.0},"3":{"Fantastic":0.0317100793,"Great":0.1103526735,"Sport":0.0079575597,"Super":0.0231092437},"4":{"Fantastic":0.1336353341,"Great":0.0068259386,"Sport":0.0265251989,"Super":0.025210084},"5":{"Fantastic":0.0,"Great":0.0728100114,"Sport":0.0,"Super":0.0},"6":{"Fantastic":0.0237825595,"Great":0.1092150171,"Sport":0.0026525199,"Super":0.0336134454},"7":{"Fantastic":0.0158550396,"Great":0.1513083049,"Sport":0.0583554377,"Super":0.0840336134},"8":{"Fantastic":0.0,"Great":0.0,"Sport":0.1167108753,"Super":0.0},"9":{"Fantastic":0.0056625142,"Great":0.1319681456,"Sport":0.0291777188,"Super":0.1512605042}}